{
  "preset": "hortense",
  "remembered": {
    "Default": {
      "0": {
        "speed": 0.00001,
        "speed2": 1,
        "size": 43.9,
        "x": 0.0046,
        "y": 0.001,
        "z": 0.001,
        "x2": 0,
        "y2": 0,
        "z2": 0,
        "x1": 0,
        "y1": 0,
        "z1": 0,
        "length": 1
      }
    },
    "bobbb": {
      "0": {
        "speed": 0.00001,
        "speed2": 1,
        "size": 43.9,
        "x": 0.0046,
        "y": 0.001,
        "z": 0.001,
        "x2": 0.574428450465707,
        "y2": 0,
        "z2": 0,
        "x1": 0.22760372565622353,
        "y1": 0,
        "z1": 0,
        "length": 1
      }
    },
    "doober": {
      "0": {
        "speed": 0.00001,
        "speed2": 1,
        "size": 43.9,
        "x": 0.0046,
        "y": 0.001,
        "z": 0.001,
        "x2": 0.574428450465707,
        "y2": 0,
        "z2": 0.5310753598645216,
        "x1": 0.22760372565622353,
        "y1": 0,
        "z1": 0,
        "length": 1
      }
    },
    "hortense": {
      "0": {
        "speed": 0.00001,
        "speed2": 1,
        "size": 16.021845893310754,
        "x": 0.0046,
        "y": 0.001,
        "z": 0.001,
        "x2": 0.574428450465707,
        "y2": 0,
        "z2": 0.5310753598645216,
        "x1": 0.22760372565622353,
        "y1": 0,
        "z1": 0,
        "length": 1
      }
    }
  },
  "closed": false,
  "folders": {}
}

{
  "preset": "wowzer",
  "remembered": {
    "Default": {
      "0": {
        "speed": 0.00001,
        "speed2": 1,
        "size": 43.9,
        "x": 0.0046,
        "y": 0.001,
        "z": 0.001,
        "x2": 0,
        "y2": 0,
        "z2": 0,
        "x1": 0,
        "y1": 0,
        "z1": 0,
        "length": 1
      }
    },
    "sdfasf": {
      "0": {
        "speed": 0.00001,
        "speed2": 1,
        "size": 43.9,
        "x": 0.0046,
        "y": 0.001,
        "z": 0.001,
        "x2": 0,
        "y2": 0,
        "z2": 0,
        "x1": 0,
        "y1": 0,
        "z1": 0,
        "length": 1
      }
    },
    "wowzer": {
      "0": {
        "speed": 0.00006690939881456391,
        "speed2": 2.059271803556308,
        "size": 46.065537679932255,
        "x": 0,
        "y": 0.0004335309060118544,
        "z": 0,
        "x2": 0.964606265876376,
        "y2": 0,
        "z2": 0,
        "x1": 0.2601185436071126,
        "y1": 0,
        "z1": 0,
        "length": 3.9017781541066894
      }
    }
  },
  "closed": false,
  "folders": {}
}